<?xml version="1.0" encoding="UTF-8"?>
<project-private xmlns="http://www.netbeans.org/ns/project-private/1">
    <editor-bookmarks xmlns="http://www.netbeans.org/ns/editor-bookmarks/2" lastBookmarkId="0"/>
    <open-files xmlns="http://www.netbeans.org/ns/projectui-open-files/2">
        <group>
            <file>file:/E:/Temp2/AIGS_bcp/RockPaperScissors/src/org/fhnw/aigs/RockPaperScissors/server/GameLogic.java</file>
            <file>file:/E:/Temp2/AIGS_bcp/RockPaperScissors/src/org/fhnw/aigs/RockPaperScissors/client/Main.java</file>
        </group>
    </open-files>
</project-private>
